Name,Slug,Current Affiliate Link,Affiliate Program Signup URL,Network
1Password,1password,,https://www.1password.com/partnerships,Direct
Ably,ably,,,No program found
Abstract,abstract,,,No program found
ActiveCampaign,activecampaign,,https://www.activecampaign.com/partner/affiliate,PartnerStack
ADP,adp,https://adp.partnerlinks.io/na95yqt6x8zk,,Already on PartnerStack
AgencyAnalytics,agencyanalytics,https://try.agencyanalytics.com/c1w56vxnfixs,,Already on PartnerStack
Ahrefs,ahrefs,,,No affiliate program (shut down in 2020)
AI21 Labs,ai21-labs,,,No program found
Aircall,aircall,,https://aircall.io/partner-program/,Direct
Airia,airia,https://try.airia.com/ous5rztphy19-az7nx,,Already on PartnerStack
airSlate,airslate,https://partnerstack.signnow.com/w5hkejlk8bp4,,Already on PartnerStack
Airtable,airtable,,,No program found
AiSDR,aisdr,https://partner.aisdr.com/a9pxynqa9ef3,,Already on PartnerStack
Algolia,algolia,,https://www.algolia.com/referral-program/,Direct
Almanac,almanac,,,No program found
Amazon SES,amazon-ses,,https://affiliate-program.amazon.com/,Amazon Associates
Amplitude,amplitude,,,No program found
Anthropic,anthropic,,,No program found
Anyscale,anyscale,,,No program found
Apollo.io,apollo,,https://www.apollo.io/partners,PartnerStack
Appsmith,appsmith,,,No program found (open-source)
Appwrite,appwrite,,,No program found (open-source)
Archbee,archbee,,,No program found
Around,around,,,No program found
Asana,asana,,,No program found
Assembly,assembly,https://try.assembly.com/d7eqatphsr9e-sjva52h,,Already on PartnerStack
AssemblyAI,assemblyai,,,No program found
Astro,astro,,,No program found (open-source)
Atria,atria,https://affiliates.tryatria.com/y1prvo64lydd,,Already on PartnerStack
Attio,attio,,,No program found
Auth0,auth0,,,No program found (owned by Okta)
AWS Activate,aws-activate,,https://aws.amazon.com/partners/,AWS Partner Network
Axiom,axiom,,,No program found
Backblaze,backblaze,,https://www.backblaze.com/b2/partner-program.html,Direct
Bamboo HR,bamboohr,,https://www.bamboohr.com/partner-programs/,Direct
Basecamp,basecamp,,,No program found
Beamer,beamer,,,No program found
Beefree SDK,beefree-sdk,,https://partners.beefree.io/,PartnerStack
Beehiiv,beehiiv,,https://www.beehiiv.com/referral,Direct
Bench,bench,,,No program found
BetterStack,betterstack,,,No program found
Bitwarden,bitwarden,,https://bitwarden.com/partners/,Direct
Bland AI,bland-ai,,,No program found
Bouncer,bouncer,https://withlove.usebouncer.com/umv8hfjgnjze,,Already on PartnerStack
Brevo,brevo,,https://www.brevo.com/partners/,Direct
Brex,brex,,https://www.brex.com/partners,Direct
BrowserStack,browserstack,,https://www.browserstack.com/partners,Direct
Bubble,bubble,,,No program found
Budibase,budibase,,,No program found (open-source)
Buffer,buffer,,https://buffer.com/affiliates,Direct
Bugsnag,bugsnag,,,No program found
Buildkite,buildkite,,,No program found
Bun,bun,,,No program found (open-source)
Bunny.net,bunny-net,,https://bunny.net/affiliates,Direct
Cal.com,calcom,,,No program found (open-source)
Calendly,calendly,,,No program found
Calendso,calendso,,,No program found (open-source)
Canny,canny,,,No program found
Canva Pro,canva,,https://www.canva.com/affiliates/,Impact
Capacitor,capacitor,,,No program found (open-source)
Carrd,carrd,,https://carrd.co/docs/general/affiliate-program,Direct
Carta,carta,,,No program found
Chameleon,chameleon,,,No program found
Chargebee,chargebee,,https://www.chargebee.com/partners/,Direct
CharlieHR,charliehr,,,No program found
Chatwoot,chatwoot,,,No program found (open-source)
Checkly,checkly,,,No program found
ChromaDB,chromadb,,,No program found (open-source)
CircleCI,circleci,,,No program found
Clearbit,clearbit,,,No program found
Clearscope,clearscope,,,No program found
Clerk,clerk,,,No program found
Clerky,clerky,,,No program found
ClickUp,clickup,,https://clickup.com/partners,PartnerStack
Clockify,clockify,,https://clockify.me/affiliate,Direct
Close,close-crm,,https://close.com/partners/,Direct
Cloudflare,cloudflare,,https://www.cloudflare.com/partners/,Direct (reseller)
Cloudinary,cloudinary,,https://cloudinary.com/partners,Direct
CloudTask,cloudtask,https://get.cloudtask.com/ffhrcwzmno5v,,Already on PartnerStack
Cloudways,cloudways,,https://www.cloudways.com/en/web-hosting-affiliate.php,Direct
CockroachDB,cockroachdb,,,No program found
Coda,coda,,,No program found
Codecov,codecov,,,No program found
CodeSandbox,codesandbox,,,No program found
Cohere,cohere,,,No program found
Confluence,confluence,,https://www.atlassian.com/partners,Atlassian Partner
Consensus,consensus,https://get.consensus.app/zza58uqqfzkq,,Already on PartnerStack
Contentful,contentful,,https://www.contentful.com/partners/,Direct
ConvertKit,convertkit,,https://convertkit.com/affiliates,Direct
Convex,convex,,,No program found
Coolify,coolify,,,No program found (open-source)
Copper,copper-crm,,,No program found
Copy.ai,copy-ai,,https://www.copy.ai/affiliates,PartnerStack
Countly,countly,,,No program found
Courier,courier,,,No program found
Crazy Egg,crazy-egg,https://try.crazyegg.com/vn0a4rs17csg,,Already on PartnerStack
Crisp,crisp,,https://crisp.chat/en/affiliates/,Direct
Cron,cron-calendar,,,No program found
Cronitor,cronitor,,,No program found
Crowdin,crowdin,,https://crowdin.com/partners,Direct
Cursor,cursor,,,No program found
Customer.io,customer-io,,https://customer.io/partners/,PartnerStack
Cypress,cypress,,,No program found (open-source)
Datadog,datadog,,https://partners.datadoghq.com/,Direct (partner)
DatoCMS,datocms,,,No program found
Deel,deel,,https://www.deel.com/partners,PartnerStack
Deepgram,deepgram,,,No program found
Deno,deno,,,No program found (open-source)
Depot,depot,,,No program found
Descope,descope,,,No program found
Descript,descript,,,No program found
Dify,dify,,,No program found (open-source)
DigitalOcean,digitalocean,,https://www.digitalocean.com/affiliates,Impact
Directus,directus,,,No program found (open-source)
Docker,docker,,,No program found
DocSend,docsend,,,No program found
Docusign,docusign,,https://www.docusign.com/partners,Direct
Doodle,doodle,,,No program found
Doppler,doppler,,,No program found
Dorik,dorik,,,No program found
Drata,drata,,https://drata.com/partner-program,PartnerStack
Drift,drift,,,No program found (owned by Salesloft)
Drip,drip,,https://www.drip.com/affiliates,Direct
EdgeDB,edgedb,,,No program found (open-source)
Electron,electron,,,No program found (open-source)
ElevenLabs,elevenlabs,,https://elevenlabs.io/affiliates,Direct
Encore,encore,,,No program found
Envoy,envoy,https://envoy.partnerlinks.io/aywkjbfomtfh,,Already on PartnerStack
Excalidraw,excalidraw,,,No program found (open-source)
Expensify,expensify,,https://www.expensify.com/referral,Direct
Expertise AI,expertise-ai,https://expertiseai.partnerlinks.io/lt5gwjjdu2vc,,Already on PartnerStack
Expo,expo,,,No program found
Fathom Analytics,fathom-analytics,,https://usefathom.com/affiliates,Direct
Fauna,fauna,,,No program found
Featurebase,featurebase,,,No program found
Fider,fider,,,No program found (open-source)
Figma,figma,,,No program found
Fillout,fillout,,,No program found
Firebase,firebase,,,No program found (Google)
Fireflies.ai,fireflies-ai,,https://fireflies.ai/affiliates,Direct
Flagsmith,flagsmith,,,No program found (open-source)
Fly.io,flyio,,,No program found
folk,folk-crm,https://try.folk.app/8gzq66o0v0gp,,Already on PartnerStack
Formbricks,formbricks,,,No program found (open-source)
Formspree,formspree,,,No program found
Framer,framer,,https://www.framer.com/partners/,Direct
Frase,frase,,https://www.frase.io/affiliates,Direct
Freshbooks,freshbooks,https://partner.freshbooks.com/yoqjt59rr3gd,,Already on PartnerStack
Freshchat,freshchat,,https://www.freshworks.com/partners/,Freshworks Partner
Freshdesk,freshdesk,,https://www.freshworks.com/partners/,Freshworks Partner
Freshsales,freshsales,,https://www.freshworks.com/partners/,Freshworks Partner
Fullstory,fullstory,,https://www.fullstory.com/partners/,Direct
FusionAuth,fusionauth,,,No program found
Gather,gather,,,No program found
GetResponse,getresponse,,https://www.getresponse.com/affiliate-programs,Direct
Ghost,ghost,,https://ghost.org/affiliates/,Direct
GitBook,gitbook,,,No program found
GitHub,github,,,No program found (Microsoft)
GitLab,gitlab,,https://about.gitlab.com/partners/,Direct (partner)
Gitpod,gitpod,,,No program found
Glide,glide,,,No program found
Gong,gong,,,No program found
Google Cloud,google-cloud,,https://cloud.google.com/partners,Google Partner
Google Workspace,google-workspace,,https://referworkspace.app.goo.gl/,Google Referral
Grafana Cloud,grafana-cloud,,,No program found
Grain,grain,,,No program found
Grammarly,grammarly,,https://www.grammarly.com/affiliates,Impact
Groq,groq,,,No program found
Growthbook,growthbook,,,No program found (open-source)
Gumroad,gumroad,,,No program found
Gusto,gusto,,https://gusto.com/partner,Direct
Hanko,hanko,,,No program found (open-source)
HashiCorp Vault,hashicorp-vault,,,No program found (open-source)
Hashnode,hashnode,,,No program found
Hasura,hasura,,,No program found
Heap,heap,,,No program found
Height,height,,,No program found
Helicone,helicone,,,No program found (open-source)
Help Scout,help-scout,https://helpscout.partnerlinks.io/3tjelfb3s1k2,,Already on PartnerStack
Heroku,heroku,,,No program found (Salesforce)
Hetzner,hetzner,,https://www.hetzner.com/unternehmen/affiliate/,Direct
Highlight.io,highlight,,,No program found (open-source)
Honeybadger,honeybadger,,,No program found
Hootsuite,hootsuite,,https://www.hootsuite.com/partners,Impact
Hotjar,hotjar,,https://www.hotjar.com/partners/,Direct
HubSpot for Startups,hubspot-for-startups,,https://www.hubspot.com/partners/affiliates,Impact
Hubstaff,hubstaff,,https://hubstaff.com/affiliate,Direct
Hugging Face,hugging-face,,,No program found
Huly,huly,,,No program found (open-source)
Hume AI,hume-ai,https://try.hume.ai/dyiih3ffvvv7-r9s6xi,,Already on PartnerStack
Hunter.io,hunter-io,,https://hunter.io/affiliates,Direct
Hygraph,hygraph,,,No program found
Inngest,inngest,,,No program found
Insomnia,insomnia,,,No program found
Instantly,instantly,https://refer.instantly.ai/o6ia91smnj2h,,Already on PartnerStack
Instructor,instructor,,,No program found (open-source)
Intercom,intercom,,https://www.intercom.com/partner,PartnerStack
InVision,invision,,,No program found
Iubenda,iubenda,,https://www.iubenda.com/en/affiliate,Direct
Jasper,jasper,,https://www.jasper.ai/partners,Impact
JetBrains,jetbrains,,https://www.jetbrains.com/company/partners/,Direct
Jira,jira,,https://www.atlassian.com/partners,Atlassian Partner
Jitsu,jitsu,,,No program found (open-source)
June,june,,,No program found
Justworks,justworks,,,No program found
Kapwing,kapwing,,,No program found
Keap,keap,,https://keap.com/partners/affiliate,PartnerStack
Kinde,kinde,,,No program found
Klaviyo,klaviyo,,https://www.klaviyo.com/partners,Direct
Knock,knock,,,No program found
Kong,kong,,,No program found (open-source)
Krisp,krisp,,,No program found
LambdaTest,lambdatest,,https://www.lambdatest.com/affiliate,Direct
LangChain,langchain,,,No program found (open-source)
Langfuse,langfuse,,,No program found (open-source)
Later,later,https://try.later.com/wmi7mwnqpa3j,,Already on PartnerStack
Lattice,lattice,,,No program found
LaunchDarkly,launchdarkly,,https://launchdarkly.com/partners/,Direct (partner)
Laxis,laxis,https://get.laxis.com/v5ugx45vam35,,Already on PartnerStack
Lemlist,lemlist,,https://www.lemlist.com/affiliates,PartnerStack
Lemon Squeezy,lemon-squeezy,,https://www.lemonsqueezy.com/affiliates,Direct
Leonardo AI,leonardo-ai,,,No program found
Lightstep,lightstep,,,No program found
Lindy,lindy-ai,https://try.lindy.ai/jwapdd3b6pyc,,Already on PartnerStack
Linear,linear,,,No program found
LinkedIn Sales Navigator,linkedin-sales-navigator,,,No program found (Microsoft)
Linode,linode,,https://www.linode.com/referral-program/,Direct
LiveChat,livechat,,https://partners.livechat.com/,PartnerStack
Livestorm,livestorm,https://get.livestorm.co/h8dmkplzs2cd,,Already on PartnerStack
Logome.ai,logome-ai,https://logomeai.partnerlinks.io/eil4gr5aps82,,Already on PartnerStack
LogRocket,logrocket,,,No program found
LogSnag,logsnag,,,No program found
Lokalise,lokalise,,,No program found
Loom,loom,,,No program found (Atlassian)
Loops,loops,,,No program found
Mailchimp,mailchimp,,,No program found (referral only)
Mailgun,mailgun,,https://www.mailgun.com/partners/,Direct
Mailjet,mailjet,,,No program found
Mailtrap,mailtrap,,https://mailtrap.io/affiliates/,Direct
Make,make,,https://www.make.com/en/affiliate,Direct
Mapbox,mapbox,,,No program found
MarketMuse,marketmuse,,,No program found
Maze,maze,,,No program found
Medusa,medusa,,,No program found (open-source)
MeetGeek,meetgeek,https://get.meetgeek.ai/lvoh4ln409qf,,Already on PartnerStack
Meilisearch,meilisearch,,,No program found (open-source)
Mercury,mercury,,,No program found
MessageBird,messagebird,,,No program found
Metabase,metabase,,,No program found (open-source)
Midjourney,midjourney,,,No program found
MindStudio,mindstudio,https://get.mindstudio.ai/224qki6visge,,Already on PartnerStack
Mintlify,mintlify,,,No program found
Miro,miro,,,No program found
Mistral AI,mistral,,,No program found
Mixmax,mixmax,,,No program found
Mixpanel,mixpanel,,https://mixpanel.com/partners/,Direct (partner)
Modal,modal,,,No program found
Monday.com,monday,,https://monday.com/p/affiliate,Impact
MongoDB,mongodb,,https://www.mongodb.com/partners,Direct (partner)
Moosend,moosend,,https://moosend.com/affiliate-program/,Direct
MotherDuck,motherduck,,,No program found
Mux,mux,,,No program found
n8n,n8n,,https://n8n.io/affiliates,Direct
Nango,nango,,,No program found
Navan,navan,,,No program found
Neon,neon,,,No program found
Netlify,netlify,https://join.netlify.com/d4dvkh8kyk4k-96ld6,,Already on PartnerStack
New Relic,new-relic,,https://newrelic.com/solutions/partners,Direct (partner)
ngrok,ngrok,,,No program found
Nolt,nolt,,,No program found
Notion,notion,,https://www.notion.so/affiliates,Impact
Novu,novu,,,No program found (open-source)
Nutshell,nutshell,https://try.nutshell.com/chvmqpv11vo2,,Already on PartnerStack
Nuxt,nuxt,,,No program found (open-source)
Nx,nx,,,No program found (open-source)
Olark,olark,,,No program found
Omnisend,omnisend,,https://www.omnisend.com/partners/,Direct
OmniSEO,omniseo,https://get.omniseo.com/gatadu0oia8e,,Already on PartnerStack
OneSignal,onesignal,,,No program found
OpenAI,openai,,,No program found
Opsgenie,opsgenie,,https://www.atlassian.com/partners,Atlassian Partner
Otter.ai,otter-ai,,,No program found
Outgrow,outgrow,https://share.outgrow.biz/u761e1tei2ky,,Already on PartnerStack
Outreach,outreach,,,No program found
OVHcloud,ovhcloud,,https://partner.ovhcloud.com/,Direct
Oyster HR,oyster-hr,,,No program found
Paddle,paddle,,https://www.paddle.com/partners,Direct
Pagerduty,pagerduty,,https://www.pagerduty.com/partners/,Direct (partner)
PandaDoc,pandadoc,,https://www.pandadoc.com/partners/affiliate/,Impact
PartnerStack,partnerstack,https://try.partnerstack.com/2jnhfw9db1ca,,Already on PartnerStack
Payload CMS,payload-cms,,,No program found (open-source)
Paystack,paystack,,,No program found
Pendo,pendo,,,No program found
Penpot,penpot,,,No program found (open-source)
Perplexity,perplexity,,,No program found
Personio,personio,,https://www.personio.com/partners/,Direct
Phantom Buster,phantombuster,,https://phantombuster.com/affiliate,Direct
Phrase,phrase,,,No program found
Pictory,pictory,,https://pictory.ai/affiliates,Direct
Pilot,pilot,,,No program found
Pinecone,pinecone,,,No program found
Pipedream,pipedream,,,No program found
Pipedrive,pipedrive,,https://www.pipedrive.com/en/affiliates,PartnerStack
Pitch,pitch,,,No program found
Plaid,plaid,,,No program found
Planable,planable,,,No program found
Plane,plane,,,No program found (open-source)
PlanetHoster,planethoster,,https://www.planethoster.com/en/Affiliate,Direct
PlanetScale,planetscale,,,No program found
Plausible,plausible,,,No program found
Playwright,playwright,,,No program found (open-source)
Polar,polar,,,No program found
Portainer,portainer,,,No program found
Posthog,posthog,,,No program found
Postman,postman,,,No program found
Postmark,postmark,,,No program found
Prezi,prezi,https://try.prezi.com/2hzlik7em1v2,,Already on PartnerStack
Prisma,prisma,,,No program found
Productboard,productboard,,,No program found
PropelAuth,propelauth,,,No program found
Publer,publer,,https://publer.io/affiliates,Direct
Pulumi,pulumi,,,No program found
Pusher,pusher,,,No program found
Qdrant,qdrant,,,No program found (open-source)
QuickBooks,quickbooks,,https://quickbooks.intuit.com/partners/,Intuit Partner
Railway,railway,,,No program found
Ramp,ramp,,https://ramp.com/partners,Direct
Raycast,raycast,,,No program found
Razorpay,razorpay,,https://razorpay.com/partners/,Direct
ReadMe,readme,,,No program found
Reclaim.ai,reclaim-ai,https://go.reclaim.ai/hxs05abl38m4,,Already on PartnerStack
Recurly,recurly,,,No program found
Reddit Ads,reddit-ads,,,No program found
Redis Cloud,redis-cloud,,https://redis.com/partners/,Direct (partner)
RedwoodJS,redwoodjs,,,No program found (open-source)
Relevance AI,relevance-ai,,,No program found
Remix,remix,,,No program found (open-source)
Remote,remote,,https://remote.com/partners,Direct
Render,render,,,No program found
Replicate,replicate,,,No program found
Replit,replit,,,No program found
Reply.io,reply-io,,https://reply.io/affiliates/,Direct
Resend,resend,,,No program found
Retool,retool,,,No program found
Revealbot,revealbot,https://join.bir.ch/vmza8a4danu3,,Already on PartnerStack
RevenueCat,revenuecat,,,No program found
Rippling,rippling,,https://www.rippling.com/partners,Direct
Rive,rive,,,No program found
Riverside,riverside,,,No program found
Roboflow,roboflow,,,No program found
Rollbar,rollbar,,,No program found
RudderStack,rudderstack,,,No program found (open-source)
Runway,runway,,,No program found
Salesloft,salesloft,,,No program found
Salesmsg,salesmsg,https://join.salesmessage.com/yfm4djdsxb45,,Already on PartnerStack
Sanity,sanity,,,No program found
SavvyCal,savvycal,,,No program found
Scaleway,scaleway,,https://www.scaleway.com/en/referral-program/,Direct
Seamless.AI,seamless-ai,https://get.seamless.ai/0medsodxi9s5,,Already on PartnerStack
Segment,segment,,,No program found (Twilio)
Sellfy,sellfy,https://get.sellfy.com/exdvxj22sotz,,Already on PartnerStack
Semrush,semrush,,https://www.semrush.com/affiliate-program/,Impact
SendGrid,sendgrid,,,No program found (Twilio)
Sentry,sentry-pro,,https://sentry.io/for/startups/,Direct
Shopify,shopify,,https://www.shopify.com/affiliates,Impact
Shortcut,shortcut,,,No program found
SingleStore,singlestore,,,No program found
Sketch,sketch,,,No program found
Slack,slack,,,No program found (Salesforce)
Slite,slite,,,No program found
Smartli,smartli,https://smartli.partnerlinks.io/h95mu3exxqid,,Already on PartnerStack
SmartSuite,smartsuite,https://partners.smartsuite.com/qzwuja9ma4k4,,Already on PartnerStack
SMTP2GO,smtp2go,https://get.smtp2go.com/2hl7mr26uo1b,,Already on PartnerStack
Snapchat Ads,snapchat-ads,,,No program found
Snov.io,snov-io,,https://snov.io/affiliates,Direct
Snyk,snyk,,https://snyk.io/partners/,Direct (partner)
Softr,softr,,https://www.softr.io/affiliates,Direct
SonarCloud,sonarcloud,,,No program found
Spline,spline,,,No program found
Sprig,sprig,,,No program found
Sprout Social,sprout-social,,https://sproutsocial.com/agency-partner-program/,Direct
SpyFu,spyfu,,https://www.spyfu.com/affiliate,Direct
Square,square,,https://squareup.com/us/en/partnerships,Direct
SST,sst,,,No program found (open-source)
Stability AI,stability-ai,,,No program found
Stackblitz,stackblitz,,,No program found
Statsig,statsig,,,No program found
StatusPage,statuspage,,https://www.atlassian.com/partners,Atlassian Partner
Storyblok,storyblok,,https://www.storyblok.com/partners,Direct
Storylane,storylane,https://storylane.partnerlinks.io/tupzkgy9no98,,Already on PartnerStack
Strapi,strapi,,,No program found (open-source)
Stream,stream,,,No program found
Stripe Atlas,stripe-atlas,,https://stripe.com/partners,Direct (partner)
Stripe Billing,stripe-billing,,https://stripe.com/partners,Direct (partner)
Stytch,stytch,,,No program found
Supabase,supabase,,,No program found
Super.so,super-so,,,No program found
Superhuman,superhuman,,,No program found
Surfer SEO,surfer-seo,,https://surferseo.com/affiliate-program/,Direct
SurveySparrow,surveysparrow,https://join.surveysparrow.com/d04xt2c2xeak,,Already on PartnerStack
SvelteKit,sveltekit,,,No program found (open-source)
Swell,swell,,,No program found
Synthesia,synthesia,,https://www.synthesia.io/affiliates,Direct
Tailscale,tailscale,,,No program found
Tally,tally,,,No program found
Tandem,tandem,,,No program found
Taplio,taplio,,https://taplio.com/affiliates,Direct
Tauri,tauri,,,No program found (open-source)
Tawk.to,tawk-to,,,No program found (free product)
Teamwork,teamwork,,https://www.teamwork.com/partner-program/,Direct
Teleport,teleport,,,No program found
Temporal,temporal,,,No program found
Termly,termly,,https://termly.io/affiliate-program/,Direct
Terraform Cloud,terraform-cloud,,,No program found
Tide Business Banking,tide-business-banking,,https://www.tide.co/referral/,Direct
Tidio,tidio,,https://www.tidio.com/affiliate/,Direct
TidyCal,tidycal,,,AppSumo
TikTok for Business,tiktok-for-business,,,No program found
Tinybird,tinybird,,,No program found
Tldv,tldv,,https://tldv.io/affiliates/,Direct
Together AI,together-ai,,,No program found
Toggl Track,toggl-track,,https://toggl.com/track/affiliate-program/,Direct
Todoist,todoist,https://get.todoist.io/6rdeqw7xmbk0,,Already on PartnerStack
Traefik,traefik,,,No program found (open-source)
Tray.io,tray-io,,,No program found
Trello,trello,,https://www.atlassian.com/partners,Atlassian Partner
Tresorit,tresorit,https://partnerstack.tresorit.com/x4fb7utjohul-5ahhu3,,Already on PartnerStack
Trigger.dev,trigger-dev,,,No program found (open-source)
Turborepo,turborepo,,,No program found (open-source)
Turso,turso,,,No program found
Tweet Hunter,tweet-hunter,,https://tweethunter.io/affiliates,Direct
Twilio,twilio,,https://www.twilio.com/partners,Direct (partner)
Typedream,typedream,,,No program found
Typeform,typeform,,,No program found
Typesense,typesense,,,No program found (open-source)
Umso,umso,,,No program found
Unicorn Platform,unicorn-platform,,,No program found
Unkey,unkey,,,No program found (open-source)
Unleash,unleash,,,No program found (open-source)
Unstructured,unstructured,,,No program found
Upcloud,upcloud,,https://upcloud.com/partners,Direct
Upstash,upstash,,,No program found
Uptime Robot,uptimerobot,,https://uptimerobot.com/affiliate/,Direct
UserPilot,userpilot,,https://userpilot.com/partners/,Direct
UserTesting,usertesting,,,No program found
Val Town,val-town,,,No program found
Vanta,vanta,,https://vanta.com/partners,Direct
Vercel,vercel,,,No program found
Veriff,veriff,,,No program found
Vonage,vonage,,https://developer.vonage.com/partners,Direct
Vowel,vowel,,,No program found
Vultr,vultr,,https://www.vultr.com/affiliate/,Direct
Wasabi,wasabi,,https://wasabi.com/partner-program/,Direct
Wasp,wasp,,,No program found (open-source)
Wave,wave,,,No program found (free product)
Weaviate,weaviate,,,No program found (open-source)
Webex,webex,,https://www.webex.com/partners.html,Cisco Partner
Webflow,webflow,,https://webflow.com/partners,Direct
Webiny,webiny,,,No program found (open-source)
Weights & Biases,wandb,,,No program found
Whimsical,whimsical,,,No program found
Windmill,windmill,,,No program found (open-source)
Wing Assistant,wing-assistant,https://affiliate.wingassistant.com/5d80c54ie7q6-v5tdj9,,Already on PartnerStack
Wise Business,wise-business,,https://wise.com/invite/affiliate,Direct
Wistia,wistia,,https://wistia.com/partners,PartnerStack
WorkOS,workos,,,No program found
Wrike,wrike,https://get.wrike.com/ili5cu3fpl3n,,Already on PartnerStack
Writesonic,writesonic,,https://writesonic.com/affiliates,Direct
Xata,xata,,,No program found
Xero,xero,,https://www.xero.com/partners/,Direct
Zapier,zapier,,https://zapier.com/platform/partner-program,PartnerStack
Zcal,zcal,,,No program found
Zendesk,zendesk,,https://www.zendesk.com/partners/,PartnerStack
Zeplin,zeplin,,,No program found
Zoho CRM,zoho-crm,,https://www.zoho.com/affiliate.html,Direct
Zoom,zoom,,https://zoom.us/partners,Direct
ZoomInfo,zoominfo,,,No program found
